{
  "summary": {
    "successRate": 1.0,
    "total": 3.406832212,
    "slowest": 0.342548356,
    "fastest": 0.065180675,
    "average": 0.18035963483669867,
    "requestsPerSec": 2824.3245928308725,
    "totalData": 0,
    "sizePerRequest": 0,
    "sizePerSec": 0.0
  },
  "responseTimeHistogram": {
    "0.065180675": 1,
    "0.0929174431": 79,
    "0.12065421119999999": 718,
    "0.14839097929999998": 2523,
    "0.17612774739999998": 1870,
    "0.20386451549999998": 652,
    "0.23160128359999996": 1243,
    "0.25933805169999996": 1352,
    "0.28707481979999994": 525,
    "0.31481158789999997": 189,
    "0.342548356": 9
  },
  "latencyPercentiles": {
    "p10": 0.123123396,
    "p25": 0.139425835,
    "p50": 0.160396912,
    "p75": 0.228138405,
    "p90": 0.252192922,
    "p95": 0.27054614,
    "p99": 0.295559566,
    "p99.9": 0.314521989,
    "p99.99": 0.342548356
  },
  "rps": {
    "mean": 2800.2074910546744,
    "stddev": 725.8761813105566,
    "max": 10570.197927993042,
    "min": 7.368412567322792,
    "percentiles": {
      "p10": 2266.005932907122,
      "p25": 2444.052309829424,
      "p50": 2665.0488753973304,
      "p75": 3048.4982194512677,
      "p90": 3539.815132648976,
      "p95": 3830.9955287105513,
      "p99": 4796.672193962381,
      "p99.9": 10570.197927993042,
      "p99.99": 10570.197927993042
    }
  },
  "details": {
    "DNSDialup": {
      "average": 0.0738646081507473,
      "fastest": 0.00132445,
      "slowest": 0.243605558
    },
    "DNSLookup": {
      "average": 3.943078484881568e-6,
      "fastest": 6.25e-7,
      "slowest": 0.000400164
    }
  },
  "statusCodeDistribution": {
    "200": 9161
  },
  "errorDistribution": {
    "aborted due to deadline": 461
  }
}
